[
  {
    "tag": "Text",
    "fill": {
      "r": 0,
      "g": 0,
      "b": 0
    },
    "text": "标准、规程、规范标识",
    "fontSize": 32,
    "test": 3333,
    "x": 130,
    "y": 90
  },
  {
    "tag": "Text",
    "fill": {
      "r": 0,
      "g": 0,
      "b": 0
    },
    "text": "受控编号",
    "fontSize": 32,
    "x": 40,
    "y": 140
  },
  {
    "tag": "Text",
    "fill": {
      "r": 0,
      "g": 0,
      "b": 0
    },
    "text": "双击填写受控编号",
    "fontSize": 32,
    "x": 250,
    "y": 140,
    "editable": true
  },
  {
    "tag": "Text",
    "fill": {
      "r": 0,
      "g": 0,
      "b": 0
    },
    "text": "受控状态",
    "fontSize": 32,
    "x": 40,
    "y": 190
  },
  {
    "tag": "Text",
    "fill": {
      "r": 0,
      "g": 0,
      "b": 0
    },
    "text": "双击填写受控状态",
    "fontSize": 32,
    "x": 250,
    "y": 190,
    "editable": true
  },
  {
    "tag": "Text",
    "fill": {
      "r": 0,
      "g": 0,
      "b": 0
    },
    "text": "存放地点",
    "fontSize": 32,
    "x": 40,
    "y": 240
  },
  {
    "tag": "Text",
    "fill": {
      "r": 0,
      "g": 0,
      "b": 0
    },
    "text": "双击填写存放地点",
    "fontSize": 32,
    "x": 250,
    "y": 240,
    "editable": true
  },
  {
    "tag": "Image",
    "url": "/src/assets/logo.png",
    "x": 30
  },
  {
    "tag": "Line",
    "x": 38,
    "y": 138,
    "width": 500,
    "stroke": "#000000",
    "strokeWidth": 2
  },
  {
    "tag": "Line",
    "x": 38,
    "y": 188,
    "width": 500,
    "stroke": "#000000",
    "strokeWidth": 2
  },
  {
    "tag": "Line",
    "x": 38,
    "y": 238,
    "width": 500,
    "stroke": "#000000",
    "strokeWidth": 2
  },
  {
    "tag": "Line",
    "x": 38,
    "y": 288,
    "width": 500,
    "stroke": "#000000",
    "strokeWidth": 2
  },
  {
    "tag": "Line",
    "x": 38,
    "y": 137,
    "width": 152,
    "rotation": 90,
    "stroke": "#000000",
    "strokeWidth": 2
  },
  {
    "tag": "Line",
    "x": 200,
    "y": 137,
    "width": 152,
    "rotation": 90,
    "stroke": "#000000",
    "strokeWidth": 2
  },
  {
    "tag": "Line",
    "x": 538,
    "y": 137,
    "width": 152,
    "rotation": 90,
    "stroke": "#000000",
    "strokeWidth": 2
  }
]
